konveksi,kodebarang,namabarang,deskripsi,hargamodal,dailyprice,alink,anama,alinkpesaing,bnamapesaing,blinkpesaing
SCARL,D8016,NIACINAMID SERUM,D8016-Scarlett-Serum-Niacinamide5%,48000,51900,,TNT,-,BELIA,-
SCARL,D8016,RETINOL SERUM,D8016-Scarlett-Serum-Retinol,48000,51400,,TNT,-,BELIA,-
SCARL,D8016,ACNE Day Cream,D8016-Scarlett-Cream-Acne-Day,48000,51900,,TNT,-,BELIA,-
SCARL,D8016,Acne Esse Toner,D8016-Scarlett-AcneEsseToner,48000,51900,,TNT,-,BELIA,-
SCARL,D8016,SCARLETT Face Wash,D8016-Scarlett-Facewash,48000,51900,,TNT,-,BELIA,-
SCARL,D8016,ACNE Night Cream,D8016-Scarlett-Cream-Acne-Night,48000,51900,,TNT,-,BELIA,-
SCARL,D8016,ACNE GLOW Series,D8016-Scarlett-AcneToGlow-Series,48000,51900,,TNT,-,BELIA,-
SCARL,D8016,BodyScrub Coffee,D8016-Scarlett-Bodyscrub-Coffee,48000,51900,,TNT,-,BELIA,-
SCARL,D8016,BODYSCRUB Pomegrante,D8016-Scarlett-Bodyscrub-Pomegrante,48000,51900,,TNT,-,BELIA,-
SCARL,D8016,BODYSCRUB Romansa,D8016-Scarlett-Bodyscrub-Romansa,48000,51900,,TNT,-,BELIA,-
SCARL,D8016,SERUM BRIGHTLY,D8016-Scarlett-Serum-Brightly,48000,51900,,TNT,-,BELIA,-
SCARL,D8016,Brightly Esse Toner,D8016-Scarlett-BrightlyEsseToner,48000,51900,,TNT,-,BELIA,-
SCARL,D8016,Brightly Night Cream,D8016-Scarlett-Cream-Brightly-Night,48000,51900,,TNT,-,BELIA,-
SCARL,D8016,BRIGHTLY GLOW Series,D8016-Scarlett-BrightlyToGlow-Series,48000,51900,,TNT,-,BELIA,-
SCARL,D8016,Acne Facewash,D8016-Scarlett-Acne-Facewash,48000,51900,,TNT,-,BELIA,-
SCARL,D8016,Glowtening Serum,D8016-Scarlett-Serum-Glowtening,48000,51900,,TNT,-,BELIA,-
SCARL,D8016,LOTION CHARMING,D8016-Scarlett-Lotion-Charming,48000,51900,,TNT,-,BELIA,-
SCARL,D8016,LOTION FANTASIA,D8016-Scarlett-Lotion-Fantasia,48000,51900,,TNT,-,BELIA,-
SCARL,D8016,LOTION FRESHY,D8016-Scarlett-Lotion-Freshy,48000,51900,,TNT,-,BELIA,-
SCARL,D8016,LOTION JOLLY,D8016-Scarlett-Lotion-Jolly,48000,51900,,TNT,-,BELIA,-
SCARL,D8016,LOTION ROMANSA,D8016-Scarlett-Lotion-Romansa,48000,51900,,TNT,-,BELIA,-
SCARL,D8016,Mugwort Mask,D8016-Scarlett-MugwortMask,48000,51900,,TNT,-,BELIA,-
SCARL,D8016,SERUM ACNE,D8016-Scarlett-Serum-Acne,48000,51900,,TNT,-,BELIA,-
SCARL,D8016,SERUM BRIGHTLY,D8016-Scarlett-Serum-Brightly,48000,51900,,TNT,-,BELIA,-
SCARL,D8016,SHAMPOO Scarlett,D8016-Scarlett-Shampoo,48000,51900,,TNT,-,BELIA,-
SCARL,D8016,SHOWER SCRUB COFFEE,D8016-Scarlett-Shower-Coffee,48000,51900,,TNT,-,BELIA,-
SCARL,D8016,SHOWER SCRUB CUCUMBE,D8016-Scarlett-Shower-Cucumber,48000,51900,,TNT,-,BELIA,-
SCARL,D8016,SHOWER SCRUB MANGO,D8016-Scarlett-Shower-Mango,48000,51900,,TNT,-,BELIA,-
SCARL,D8016,SHOWER SCRUB POME,D8016-Scarlett-Shower-Pomegrante,48000,51900,,TNT,-,BELIA,-
SCARL,D8016,ShowerScrub Charming,D8016-Scarlett-Shower-Charming,48000,51900,,TNT,-,BELIA,-
SCARL,D8016,ShowerScrub Freshy,D8016-Scarlett-Shower-Freshy,48000,51900,,TNT,-,BELIA,-
SCARL,D8016,ShowerScrub Jolly,D8016-Scarlett-Shower-Jolly,48000,51900,,TNT,-,BELIA,-
SCARL,D8016,Soothing Gel Mask,D8016-Scarlett-SoothingGelMask,48000,51900,,TNT,-,BELIA,-
SCARL,D8016,SCARLETT SHAMPOO,D8016-Scarlett-Shampoo,48000,51900,,TNT,-,BELIA,-
SCARL,D8016,CONDITIONER BARU,D8016-Scarlett-Conditioner,48000,51900,,TNT,-,BELIA,-
