konveksi,kodebarang,namabarang,deskripsi,hargamodal,dailyprice,anama,alink,bnama,blink,cnama,clink,dnama,dlink,aclick1,aclick2,aclick3,bclick1,bclick2,bclick3,cclick1,cclick2,cclick3,dclick1,dclick2,dclick3
TATA,D5001,SEPATU VENOM,D5001 SEPATU VENOM,17480,19999,DOMMO,https://shopee.co.id/-LOKAL--D5001-SEPATU-VENOM-Sepatu-Sneaker-Shoes-MORYMONY-BISA-COD-DARI-JAKARTA-i.135900627.5109618947?sp_atk=746ec2a3-50c4-49c2-ae57-6c2a5852c2f2,DAFFA WAHYU,,JURAGAN SEPATU,,,,,,,,,,,,,,,
TATA,D5002,VEGASUS,D5002 VEGASUS,16744,18999,DOMMO,https://shopee.co.id/-LOKAL--D5002-SEPATU-VEGASUS-VENOM-Sepatu-Sneakers-MORYMONY-BISA-COD-DARI-JAKARTA-i.135900627.3410345335?sp_atk=011dba06-4f90-4b94-bbcf-48380a609bb7,DAFFA WAHYU,,JURAGAN SEPATU,https://shopee.co.id/SEPATU-Slip-On-Wanita-Venom-Vegasus-i.10123774.1870201734?sp_atk=9ddfa1fe-6f7c-466d-8294-e614b786e5ad,,,,,,,,,,,,,,
TATA,D5003,SEPATU TATA,D5003 SEPATU TATA,12880,13999,DOMMO,https://shopee.co.id/-LOKAL--D5003-SEPATU-TATA-Flatshoes-Wanita-MORYMONY-BISA-COD-DARI-JAKARTA-i.135900627.6608641341?sp_atk=ddabba8d-a9c1-4c09-88f7-5bf474bcfc29,DAFFA WAHYU,,JURAGAN SEPATU,,,,,,,,,,,,,,,
TATA,D5004,HILS HAK TAHU,D5004 HILS HAK TAHU,26100,33500,DOMMO,https://shopee.co.id/-LOKAL--D5004-SEPATU-SENDAL-HILS-HILLS-HAK-TAHU-J-05-daffawahyu-i.135900627.5922974523?sp_atk=5c42c814-2ed8-42c4-afc9-8e90a7574efb,DAFFA WAHYU,https://shopee.co.id/PROMO-11.11-SALE-J-05-HILS-HAK-TAHU-BEST-SELLER-i.8938041.2836011675?sp_atk=0a8742e2-5c99-4eb4-9505-9574fc6e7396,JURAGAN SEPATU,,,,,,,,,,,,,,,
TATA,D5005,RAINBOW,D5005 RAINBOW,29700,34900,DOMMO,https://shopee.co.id/-LOKAL--D5005-SEPATU-RAINBOW-Sneaker-Wanita-MURAH-morymony-Dar-JAKARTA-i.135900627.4822996657?sp_atk=8e37da85-18b8-44b1-b8c7-0530829f266d,DAFFA WAHYU,,JURAGAN SEPATU,,,,,,,,,,,,,,,
TATA,D5006,VIERA,D5006 VIERA,21600,25000,DOMMO,https://shopee.co.id/-LOKAL--D5006-Sepatu-VIERA-Sneaker-Wanita-Sepatu-Sendal-Wanita-daffawahyu-i.135900627.7323077437?sp_atk=3117fbf9-bf58-44fe-a67d-68e51369a80c,DAFFA WAHYU,,JURAGAN SEPATU,,,,,,,,,,,,,,,
TATA,D5007,SEPATU MILY,D5007 SEPATU MILY,33215,37500,DOMMO,https://shopee.co.id/-LOKAL--D5007-SEPATU-MILY-Sneaker-Wanita-daffawahyu-morymony-i.135900627.3923185392?sp_atk=d2eeafd9-aaa7-4adb-9d90-8b52e8e468d0,DAFFA WAHYU,,JURAGAN SEPATU,,,,,,,,,,,,,,,
TATA,D5021,SNEAKER SOL BERUANG,D5021 SNEAKER SOL BERUANG,27270,31500,DOMMO,https://shopee.co.id/-LOKAL--D5021-HR-02-Sepatu-Sneakers-Sol-Beruang-Wanita-Model-Sport-Flat-Mesh-Kartun-Morymony-i.135900627.4924163001?sp_atk=f013f9b9-7f11-444d-865f-3c1688f2d930,DAFFA WAHYU,,JURAGAN SEPATU,,,,,,,,,,,,,,,
TATA,D5023,NINA,D5023 NINA,17100,22500,DOMMO,https://shopee.co.id/-LOKAL--D5023-SENDAL-Nina-Flatshoes-Wanita-Sendal-Morymony-Naomy-i.135900627.6924165626?sp_atk=ded05eb3-15ce-40a2-801e-0943c7128eda,DAFFA WAHYU,https://shopee.co.id/PR-02-FLATSHOES-MORENA-i.8938041.6102542528?sp_atk=d45ff882-a0e7-47ed-960c-85ed0e87a886,JURAGAN SEPATU,,,,,,,,,,,,,,,
TATA,D5024,SISKA,D5024 SISKA,17100,19500,DOMMO,https://shopee.co.id/product/135900627/6924168488/,DAFFA WAHYU,https://shopee.co.id/RS13-FLATSHOES-BEST-SELLER-i.8938041.2658452004?sp_atk=c1699548-1c54-479b-99a1-6b389ebdbc4e,JURAGAN SEPATU,,,,,,,,,,,,,,,
TATA,D5025,RAMPEL,D5025 RAMPEL,14400,16500,DOMMO,https://shopee.co.id/-LOKAL--D5025-FLATSHOES-RAMPEL-CST-01-FLATSHOES-Wanita-Morymony-sendal-sandal-i.135900627.3925610254?sp_atk=bfee05bc-f98e-4607-bd4d-b5f0d8951e05,DAFFA WAHYU,https://shopee.co.id/CST-01-FLATSHOESE-BEST-SELLER-i.8938041.2863039847?sp_atk=c01198c7-2682-4ffa-8498-5e95b8d32bf3,JURAGAN SEPATU,,,,,,,,,,,,,,,
TATA,D5026,LIA,D5026 LIA,17100,20600,DOMMO,https://shopee.co.id/product/135900627/3524285786/,DAFFA WAHYU,https://shopee.co.id/PROMO-11.11-SALE-Sneakers-Wanita-RI-08-i.8938041.4417514672?sp_atk=bb7a997d-6a49-45ea-8a68-019487c6ca2c,JURAGAN SEPATU,,,,,,,,,,,,,,,
TATA,D5027,LISNA,D5027 LISNA,15640,19900,DOMMO,https://shopee.co.id/-LOKAL--D5027-SENDAL-LISNA-PR-01-FLATSHOES-WANITA-MORYMONY-FLAT-SHOES-MURAH-SANDAL-i.135900627.6324211571?sp_atk=4d5b289a-cfa4-4ee8-a3d4-3a640a7a6400,DAFFA WAHYU,https://shopee.co.id/PR-01-FLATSHOES-i.8938041.5102542560?sp_atk=a892aa24-8e11-42b4-bab8-a26832d738d2,JURAGAN SEPATU,https://shopee.co.id/Flat-Shoes-Wanita-Liona-i.10123774.3209771282?sp_atk=a01f493e-7d5f-4b7c-b181-93882ae48295,,,,,,,,,,,,,,
TATA,D5028,VELOVE,D5028 VELOVE,28060,31300,DOMMO,https://shopee.co.id/-LOKAL--D5028-SEPATU-VELOVE-Sepatu-Sneaker-DEON-SOL-BULAT-Morymony-i.135900627.5924217244?sp_atk=89cd86d9-2804-4099-a381-325d42ff26cf,DAFFA WAHYU,,JURAGAN SEPATU,,,,,,,,,,,,,,,
TATA,D5029,SEPATU VANIA,D5029 SEPATU VANIA,24750,28500,DOMMO,https://shopee.co.id/-LOKAL--D5029-SEPATU-VANIA-RI-09-HR-01-Sneaker-Wanita-Morymony-i.135900627.4724222567?sp_atk=1490389b-3c4d-4b49-87ea-668b5c60ad1a,DAFFA WAHYU,,JURAGAN SEPATU,,,,,,,,,,,,,,,
TATA,D5030,BOOT M,D5030 BOOT M,31500,37000,DOMMO,https://shopee.co.id/-LOKAL--D5030-SEPATU-BOOT-M-BOOTS-DV-98-Sepatu-Wanita-Sneakers-M-Fashion-Morymony-i.135900627.5024227872?sp_atk=51960eeb-76ac-4236-a1b4-9d78a91dbce0,DAFFA WAHYU,,JURAGAN SEPATU,,,,,,,,,,,,,,,
TATA,D5033,MALTA,D5033 MALTA,12600,20300,DOMMO,https://shopee.co.id/product/135900627/6329741642/,DAFFA WAHYU,,JURAGAN SEPATU,,,,,,,,,,,,,,,
TATA,D5034,GLADYS,D5034 GLADYS,17100,20500,DOMMO,https://shopee.co.id/-LOKAL--D5034-FLATSHOES-GLADYS-Flatshoes-Wanita-i.135900627.7729748458?sp_atk=fea46f51-8715-4cfe-838d-23a8dafbe240,DAFFA WAHYU,https://shopee.co.id/MH-14-SENDAL-TEPLEK-i.8938041.2834863946?sp_atk=eb252ada-a6c4-4060-a5e9-f9716e1605f2,JURAGAN SEPATU,https://shopee.co.id/MH-14-SANDAL-TALI-TEPLEK-GELADIS-i.10123774.7938143267?sp_atk=0c5a7a74-a79c-4a96-b50c-7448caf1cf28,,,,,,,,,,,,,,
TATA,D5035,TYAS,D5035 TYAS,17100,20500,DOMMO,https://shopee.co.id/-LOKAL--D5035-FLATSHOES-TYAS-Flatshoes-Wanita-i.135900627.3329850315?sp_atk=d0bad470-b384-429c-810e-45ea7abd0cd9,DAFFA WAHYU,https://shopee.co.id/RS-23-FLATSHOES-BLINK-BLINK-i.8938041.4113897915?sp_atk=8cb440f5-36a3-4c62-a4cf-56bfa5469baa,JURAGAN SEPATU,,,,,,,,,,,,,,,
TATA,D5036,FLATSHOES LEMON,D5036 FLATSHOES LEMON,17100,20500,DOMMO,https://shopee.co.id/-LOKAL--D5036-FLATSHOES-LEMON-MONA-Flatshoes-Wanita-i.135900627.7829776154?sp_atk=6349f640-6111-4b03-8dcf-aeab506f3b98,DAFFA WAHYU,,JURAGAN SEPATU,,,,,,,,,,,,,,,
TATA,D5037,HAK TAHU LILIT,D5037 HAK TAHU LILIT,26100,34100,DOMMO,https://shopee.co.id/-LOKAL--D5037-HIGH-HILLS-HAK-TAHU-LILIT-morymony-i.135900627.4729787082?sp_atk=6d7f3238-e04b-48ff-8456-57d8d2233a83,DAFFA WAHYU,https://shopee.co.id/D-47-HAK-TAHU-FENOMELAN-i.8938041.1659897509?sp_atk=6df85a94-aa01-4a5d-b01f-52322ee9952c,JURAGAN SEPATU,,,,,,,,,,,,,,,
TATA,D5038,HAK TAHU JAZZ,D5038 HAK TAHU JAZZ,23400,28000,DOMMO,https://shopee.co.id/-LOKAL--D5038-HIGH-HILLS-HAK-TAHU-JAZZ-i.135900627.7629829683?sp_atk=11076609-fd54-4aea-a525-61efe02c8425,DAFFA WAHYU,https://shopee.co.id/Ad02-high-hills-hak-tahu-casual-i.8938041.101776300?sp_atk=7dd60776-4c4f-4f81-8bf7-2cc77b419026,JURAGAN SEPATU,https://shopee.co.id/AG-03-high-hills-hak-tahu-casual-i.10123774.4654302521?sp_atk=a8b7bd57-704c-4240-a3c2-32c9a8f6ca7b,,,,,,,,,,,,,,
TATA,D5057,SNEAKER NOVI,D5057 SNEAKER NOVI,32200,44900,DOMMO,https://shopee.co.id/-LOKAL--D5057-Sepatu-NOVI-SNEAKERS-RAA-09-i.135900627.6039099931?sp_atk=2e2bb9c4-eaa2-43c1-addf-fd153aa2133e,DAFFA WAHYU,,JURAGAN SEPATU,,,,,,,,,,,,,,,
TATA,D5039,DIANA PR 6 FLATSHOES,D5039 DIANA PR 06 FLATSHOES,17100,20999,DOMMO,https://shopee.co.id/-LOKAL--D5039-DIANA-PR-06-FLATSHOES-i.135900627.7331736031?sp_atk=487ced04-19fe-44aa-b37c-93c92c9dd297,DAFFA WAHYU,https://shopee.co.id/PR-06-SLIP-ON-BEST-SELLER-i.8938041.5113898616?sp_atk=b9dc4ffb-9694-4be9-b7b5-158e5180b75d,JURAGAN SEPATU,https://shopee.co.id/Sepatu-Wanita-Slip-on-PR-06-i.10123774.6248491047?sp_atk=1e3321ab-b75b-40e1-8476-a2ac1a839b11,,,,,,,,,,,,,,
TATA,D5053,HELLS KACA,D5053 HELLS KACA,31050,35999,DOMMO,https://shopee.co.id/product/135900627/6239091395/,DAFFA WAHYU,,JURAGAN SEPATU,,,,,,,,,,,,,,,
TATA,D5054,GREAT,D5054 GREAT,35100,43000,DOMMO,https://shopee.co.id/-LOKAL--D5054-SEPATU-GREAT-RAA-16-SNEAKERS-i.135900627.4439098375?sp_atk=af4e391d-f0a6-4a51-9809-256aa5bf9681,DAFFA WAHYU,,JURAGAN SEPATU,,,,,,,,,,,,,,,
TATA,D5055,THALIA,D5055 THALIA,30600,36900,DOMMO,https://shopee.co.id/-LOKAL--D5055-SEPATU-SNEAKERS-WANITA-THALIA-TRENDY-CASUAL-DV-104-i.135900627.5739092005?sp_atk=3d94d5cd-c2c0-4d90-834e-9abc4c9062af,DAFFA WAHYU,,JURAGAN SEPATU,,,,,,,,,,,,,,,
TATA,D5056,VERA,D5056 VERA,31500,35500,DOMMO,https://shopee.co.id/product/135900627/6939096857/,DAFFA WAHYU,,JURAGAN SEPATU,,,,,,,,,,,,,,,
TATA,D5059,HEELS KACA SOVIA,D5059 HEELS KACA SOVIA,42320,48999,DOMMO,https://shopee.co.id/-LOKAL--D5059-Sepatu-Hak-Kaca-Sovia-heels-jelly-Tinggi-Sepatu-Heels-Heel-Hells-Cinderella-i.135900627.6139110812?sp_atk=e43e2cf7-f52f-4058-bdaa-cc89f9a6a479,DAFFA WAHYU,,JURAGAN SEPATU,,,,,,,,,,,,,,,
TATA,D5060,HEELS JELITA,D5060 HEELS JELITA,42300,49500,DOMMO,https://shopee.co.id/-LOKAL--D5060-Sandal-Hak-Kaca-Jelita-Hells-kaca-Wanita-Pendek-Heel-i.135900627.3539208439?sp_atk=2ad3e9ad-57ae-47c1-8cdf-cd714dcab649,DAFFA WAHYU,,JURAGAN SEPATU,,,,,,,,,,,,,,,
TATA,D5064,SITI,D5064 SITI,10580,12500,DOMMO,https://shopee.co.id/-LOKAL--D5064-SEPATU-SITI-FLATSHOES-i.135900627.3639192710?sp_atk=78815673-055b-4154-b0d7-5d390f50953f,DAFFA WAHYU,https://shopee.co.id/PROMO-11.11-SALE-FLATSHOES-DAFF-01-i.8938041.2843519692?sp_atk=72c5a8b5-82bc-437c-a36b-2de8b856a0d0,JURAGAN SEPATU,,,,,,,,,,,,,,,
TATA,D5066,VIA,D5066 VIA,26100,33500,DOMMO,https://shopee.co.id/-LOKAL--D5066-Sepatu-VIA-HILSS-HAK-TAHU-i.135900627.6640186726?sp_atk=b798152a-4de9-456b-9023-a18aed512c3e,DAFFA WAHYU,https://shopee.co.id/AFC-02-HILSS-HAK-TAHU-i.8938041.5305308323?sp_atk=ae6123f3-9d02-4c29-81c8-1bfc87860f6a,JURAGAN SEPATU,https://shopee.co.id/12.12-Sale-HEELS-HAK-TAHU-WANITA-LL-01-i.10123774.4650196919?sp_atk=7661ed47-3afe-4959-8900-1aeae8a87f7b,,,,,,,,,,,,,,
TATA,D5067,FLATSHOES TIANA,D5067 FLATSHOES TIANA,10580,13850,DOMMO,https://shopee.co.id/-LOKAL--D5067-Slip-Sandal-Tiana-Daff-16-Sendal-Morymony-Daffawahyu-i.135900627.6840943622?sp_atk=55f5f241-3d6c-489f-8b44-9ffba933185f,DAFFA WAHYU,https://shopee.co.id/DAFF-16-SANDAL-TEPLEK-NIKA-i.8938041.6507846415?sp_atk=7bf9f9fe-807d-4337-bd1b-47035361ecfa,JURAGAN SEPATU,,,,,,,,,,,,,,,
TATA,D5068,TIARA,D5068 TIARA,9200,10500,DOMMO,https://shopee.co.id/-LOKAL--D5068-Slip-Sandal-TIARA-Daff-32-i.135900627.5540951948?sp_atk=e48c8b31-5015-489e-9fcc-91a0c7139a91,DAFFA WAHYU,https://shopee.co.id/Daff-32-SANDAL-TEPLEK-NAURA-i.8938041.5215628723?sp_atk=6ffaeaf8-1580-4b67-a655-6ec0c8d0bf5b,JURAGAN SEPATU,https://shopee.co.id/12.12-Sale-Sandal-Wanita-Teplek-Selop-H-Sintetis-Terbaru-i.10123774.4519978874?sp_atk=4fe5091c-ed07-4624-973a-f767049a8afb,,,,,,,,,,,,,,
TATA,D5069,BELLA,D5069 BELLA,17000,24500,DOMMO,https://shopee.co.id/-LOKAL--D5069-FLAT-SHOES-BELLA-RS09-FLATSHOES-i.135900627.6240954812?sp_atk=eebd4d64-11cb-4a04-b6ec-301b608c7043,DAFFA WAHYU,https://shopee.co.id/RS-09-FLATSHEOS-NABILA-i.8938041.2366241309?sp_atk=bdc4c3d3-e462-4c8d-b38a-4751138c931b,JURAGAN SEPATU,,,,,,,,,,,,,,,
TATA,D5070,SEPATU MORE,D5070 SEPATU MORE,17100,22000,DOMMO,https://shopee.co.id/-LOKAL--D5070-SEPATU-MORE-SNEAKERS-WANITA-i.135900627.5840960612?sp_atk=ff9c2fb3-bb04-40c0-ac91-7f766f34b7ec,DAFFA WAHYU,,JURAGAN SEPATU,https://shopee.co.id/12.12-Sale-Sepatu-Sneakers-Wanita-More-i.10123774.2509040087?sp_atk=bbd86440-7bcb-4391-9322-5d7e46b543c6,,,,,,,,,,,,,,
TATA,D5072,FLATSHOES SHAKIRA,D5072 FLATSHOES SHAKIRA,11040,13600,DOMMO,https://shopee.co.id/-LOKAL--D5072-FLAT-SHOES-SHAKIRA-FLATSHOES-i.135900627.4041845833?sp_atk=bd03bec6-99f0-43c1-919a-3606b6f1a7c4,DAFFA WAHYU,https://shopee.co.id/PROMO-11.11-SALE-FLATSHOES-DAFF-19-SHAKIRA-i.8938041.3120142659?sp_atk=39258630-d90a-494a-9f4d-785098b43e8a,JURAGAN SEPATU,https://shopee.co.id/12.12-Sale-FLATSHOES-WANITA-SHAKIRA-i.10123774.5348557538?sp_atk=ed1fa893-3087-4ce8-9724-df6591b11592,,,,,,,,,,,,,,
TATA,D5074,LEONA,D5074 LEONA,10350,12000,DOMMO,https://shopee.co.id/-LOKAL--D5074-FLAT-SHOES-LEONA-FLATSHOES-DAFF-35-i.135900627.7041849364?sp_atk=2dcdd596-601d-41fd-9b66-aaf4a882c70f,DAFFA WAHYU,https://shopee.co.id/FLATSHOES-DAFF-35-TATIA-i.8938041.3219003727?sp_atk=db1429f4-5c7c-406a-9960-e09db6ece2b7,JURAGAN SEPATU,,,,,,,,,,,,,,,
TATA,D5076,PRICILIA,D5076 PRICILIA,10580,11900,DOMMO,https://shopee.co.id/product/135900627/3942959067/,DAFFA WAHYU,https://shopee.co.id/DAFF-08-FLIP-FLOP-MONICA-i.8938041.4104743706?sp_atk=809ea638-802a-44ac-9149-5a02652a33d9,JURAGAN SEPATU,,,,,,,,,,,,,,,
TATA,D5077,SENDAL SILANG,D5077 SENDAL SILANG,10350,11500,DOMMO,https://shopee.co.id/-LOKAL--D5077-Sendal-Slip-SILANG-Daff-11-i.135900627.4542859078?sp_atk=cf469f19-8c79-430c-afdd-21bad8fc9a5e,DAFFA WAHYU,https://shopee.co.id/DAFF-11-SANDAL-TEPLEK-PATAYA-i.8938041.7804750952?sp_atk=72970a3d-042a-49f7-8afb-a653a6fe0d9b,JURAGAN SEPATU,,,,,,,,,,,,,,,
TATA,D5079,DV 73 SNEAKER MEOW,D5079 DV 73 SNEAKER MEOW,23400,29000,DOMMO,https://shopee.co.id/product/135900627/7745087251/,DAFFA WAHYU,,JURAGAN SEPATU,,,,,,,,,,,,,,,
TATA,D5080,MIKA QUEEN,D5080 MIKA QUEEN,25215,32000,DOMMO,https://shopee.co.id/product/135900627/3157618274/,DAFFA WAHYU,https://shopee.co.id/SANDAL-WANITA-HAK-TAHU-MIKA-TRANSPARAN-PUMP-HEELS-QUEEN-i.161194304.7253825056?sp_atk=91cf66ae-59fe-4920-9d2a-351add8476ee&xptdk=91cf66ae-59fe-4920-9d2a-351add8476ee,JURAGAN SEPATU,,,,,,,,,,,,,,,
TATA,D5083,MAXMAIR,D5083 MAXMAIR,27270,36999,DOMMO,https://shopee.co.id/-LOKAL--D5083-sneakers-MAXMAIR-sepatu-wanita-gambar-MAX-M-AIR-NB055-i.135900627.4048109427?sp_atk=2b9710b9-aa9e-4930-acea-2eba00ddd6ca,DAFFA WAHYU,,JURAGAN SEPATU,https://shopee.co.id/SEPATU-SNEAKERS-WANITA-CASUAL-MAX-M-AIR-i.10123774.4646877082?sp_atk=03770199-5fdf-4715-92f3-488dba862965,,,,,,,,,,,,,,
TATA,D5086,SUP,D5086 SUP,31500,36999,DOMMO,https://shopee.co.id/-LOKAL--D5086-SEPATU-SUP-SNEAKERS-SPORT-KOREAN-SUP-i.135900627.6349891945?sp_atk=fc9aede5-933e-4d58-b0ed-7650d7caabd2,DAFFA WAHYU,,JURAGAN SEPATU,https://shopee.co.id/SEPATU-SNEAKERS-WANITA-HR-SUP-i.10123774.4446876660?sp_atk=58000f9a-3131-4882-a2f3-11f6ee975dd3,,,,,,,,,,,,,,
TATA,D5087,FANI,D5087 FANI,26100,34500,DOMMO,https://shopee.co.id/-LOKAL--D5087-SEPATU-SANDAL-FANI-DL-58-HAK-TAHU-i.135900627.4849900262?sp_atk=662752d1-8f85-4f6e-a69e-ac003c622ec9,DAFFA WAHYU,,JURAGAN SEPATU,,,,,,,,,,,,,,,
TATA,D5088,KIKI,D5088 KIKI,10350,11900,DOMMO,https://shopee.co.id/-LOKAL--D5088-SANDAL-TEPLEK-KIKI-DAFF-15-FLIP-FLOP-i.135900627.3655178756?sp_atk=2dedf98b-21fa-45b7-b9b4-5c9b32bd09ec,DAFFA WAHYU,https://shopee.co.id/DAFF-15-FLIPFLOP-MICA-i.8938041.4607846364?sp_atk=629886f5-f76b-4fca-b835-027e1802484f,JURAGAN SEPATU,,,,,,,,,,,,,,,
TATA,D5095,EMLY,D5095 EMLY,12420,14999,DOMMO,https://shopee.co.id/-LOKAL--D5095-Sepatu-EMLY-Flat-Shoes-wanita-i.135900627.7078579819?sp_atk=0e9fe676-0442-4193-bc2b-5f6ce3180024,DAFFA WAHYU,,JURAGAN SEPATU,,,,,,,,,,,,,,,
TATA,D5097,KEYLA,D5097KEYLA,22500,30000,DOMMO,https://shopee.co.id/-LOKAL--D5097-Sepatu-KEYLA-Sepatu-Sandal-Hak-Tahu-Mika-STUT-KEYLA-TALI-MIKA-R-48-i.135900627.9513600596?sp_atk=81a42d5d-b815-4e1b-ab06-3783a98e9f81,DAFFA WAHYU,https://shopee.co.id/IP-04-HAK-TAHU-BLING-BLING-BEST-SELLER-i.8938041.9600570392?sp_atk=fb5fd983-28c7-4328-b887-9dcab0c59895,JURAGAN SEPATU,https://shopee.co.id/12.12-Sale-Hak-Tahu-Mika-KEYLA-Sandal-HEELS-Wanita-i.10123774.7918978886?sp_atk=b9820e27-176f-4d1e-9640-1578e6d98486,,,,,,,,,,,,,,
TATA,D5098,YZ,D5098 YZ,29700,32500,DOMMO,https://shopee.co.id/product/135900627/7078972819/,DAFFA WAHYU,,JURAGAN SEPATU,,,,,,,,,,,,,,,
TATA,D5099,ANDINI,D5099 ANDINI,41850,55000,DOMMO,https://shopee.co.id/-LOKAL--D5099-Sepatu-Andini-Hak-Kaca-Andini-Jelly-MIKA-R53-i.135900627.8713916252?sp_atk=98630315-5b1a-4ab6-8c23-eafcbf335940,DAFFA WAHYU,,JURAGAN SEPATU,,,,,,,,,,,,,,,
TATA,D5100,VELLA,D5100 VELLA,11250,14999,DOMMO,https://shopee.co.id/-LOKAL--D5100-Sandal-VELLA-Sendal-Teplek-Wanita-VELLA-DAFF-43-TEPLEK-MICA-i.135900627.8013922311?sp_atk=c1c5a359-8d88-48d2-9159-847c9c6a1821,DAFFA WAHYU,https://shopee.co.id/PPROMO-11.11-SALE-DAFF-43-TEPLEK-MICA-i.8938041.5366239758?sp_atk=a04fd065-23ea-4d74-983c-1ad0dde9e932,JURAGAN SEPATU,https://shopee.co.id/12.12-SALE-Sandal-Teplek-Wanita-VELLA-i.10123774.5620734304?sp_atk=5b6381c9-616f-4d20-9711-ea70bc41e493,,,,,,,,,,,,,,
TATA,D5105,JOANA,D5105 JOANA,24300,29900,DOMMO,https://shopee.co.id/product/135900627/10615090106/,DAFFA WAHYU,https://shopee.co.id/IP-06-HAK-TAHU-i.8938041.4665981424?sp_atk=83bd319e-d580-4208-8cf8-848cce18fa80,JURAGAN SEPATU,,,,,,,,,,,,,,,
TATA,D5106,SENDAL TEPLEK SILANG DONA,D5106 SENDAL TEPLEK SILANG DONA,10350,13000,DOMMO,https://shopee.co.id/-D5106-SANDAL-TEPLEK-SILANG-DONA-AMR-02-i.135900627.8675026477?sp_atk=ca3857fa-1142-4365-b575-78b355635103,DAFFA WAHYU,https://shopee.co.id/AMR-02-SANDAL-TEPLEK-SILANG-SWEET-i.8938041.6277495202?sp_atk=b205695e-eae0-4c79-a10e-05f86d2a5787,JURAGAN SEPATU,https://shopee.co.id/SANDAL-TEPLEK-SILANG-SWEETY-i.10123774.9167321314?sp_atk=b66333f3-32d1-4c39-ac19-4a6fa6defd87,,,,,,,,,,,,,,
TATA,D5107,TBAO,D5107 TBAO,33000,45000,DOMMO,https://shopee.co.id/-D5107-SNEAKERS-FASHION-Sepatu-Sneakers-Wanita-Korea-Fashion-Tbao-New-i.135900627.11126429021?sp_atk=44de1300-0aa0-4063-8b9e-2c6025e1c1a9,DAFFA WAHYU,,JURAGAN SEPATU,,,,,,,,,,,,,,,
TATA,D5108,GRIETA,D5108 GRIETA,27000,31900,DOMMO,https://shopee.co.id/product/135900627/9290753713/,DAFFA WAHYU,,JURAGAN SEPATU,,,,,,,,,,,,,,,
TATA,D5110,ANDIN,D5110 ANDIN,10350,15000,DOMMO,https://shopee.co.id/-D5110-SANDAL-FLIP-FLOP-ANDIN-DAFF-62-i.135900627.12346728412?sp_atk=b0c14bd9-7557-4f0c-9190-8713873b8044,DAFFA WAHYU,https://shopee.co.id/DAFF-62-SANDAL-FLIP-FLOP-ANDIN-i.8938041.9616054521?sp_atk=069457b0-2104-4b7f-a8d7-bfc48bdeba17,JURAGAN SEPATU,,,,,,,,,,,,,,,
TATA,D5040,HAK TAHU KEPANG,D5040 HAK TAHU KEPANG,24715,30999,DOMMO,,DAFFA WAHYU,https://shopee.co.id/AD-05-HAK-TAHU-KEPANG-i.8938041.5313898381?sp_atk=a562b7b8-df9e-434e-8ccb-15a25b6c9f3e,JURAGAN SEPATU,,,,,,,,,,,,,,,
TATA,D5116,MJ,D5116 MJ,36000,38999,DOMMO,https://shopee.co.id/(-LOKAL-)-DOMMO-D5116-Sepatu-MJ-Sneaker-Wanita-ISHTAR-OWN-WAY-Runing-Shoes-Olaharaga-Cewe-Santai-i.135900627.19828667271?sp_atk=7817723c-a442-4db2-9f26-9b8e6d8e381b&xptdk=7817723c-a442-4db2-9f26-9b8e6d8e381b,DAFFA WAHYU,,JURAGAN SEPATU,,,,,,,,,,,,,,,
TATA,D5057,Sneaker Novi,D5057 Sneaker Novi,32200,44900,DOMMO,,DAFFA WAHYU,,JURAGAN SEPATU,,,,,,,,,,,,,,,
TATA,D5115,Sepatu ABC,D5115 Sepatu ABC,32215,34999,DOMMO,https://shopee.co.id/(-LOKAL-)-DOMMO-D5115-Sepatu-ABC-NEW-Sneakers-Wanita-Sport-Shoes-ABC-NEW-i.135900627.14690456661?sp_atk=a236c4c7-11e8-426e-85f5-c39cbbd9fce7&xptdk=a236c4c7-11e8-426e-85f5-c39cbbd9fce7,DAFFA WAHYU,,JURAGAN SEPATU,,,,,,,,,,,,,,,
TATA,D5101,Sepatu MPV,D5101 Sepatu MPV,26680,36000,DOMMO,https://shopee.co.id/-LOKAL-DOMMO-D5101-Sepatu-MVP-Cewe-Sepatu-fashion-Pria-wanita-i.135900627.9216182085?sp_atk=08f876a7-9026-4fd1-af85-4616deffb421&xptdk=08f876a7-9026-4fd1-af85-4616deffb421,DAFFA WAHYU,,JURAGAN SEPATU,,,,,,,,,,,,,,,
TATA,D5073,Sepatu T-BAO,D5073 Sepatu T-BAO,34200,42500,DOMMO,https://shopee.co.id/-LOKAL-DOMMO-D5073-SEPATU-T-BAO-Sepatu-Olahraga-Wanita-terbaru-warna-Putih-Sepatu-Cewek-trendy-i.135900627.6941848753?sp_atk=7dec7953-e68a-4773-ae30-4f13aae3b538&xptdk=7dec7953-e68a-4773-ae30-4f13aae3b538,DAFFA WAHYU,,JURAGAN SEPATU,,,,,,,,,,,,,,,
TATA,D5117,ZAHRA,D5117 ZAHRA,19215,25000,DOMMO,https://shopee.co.id/product/135900627/11897659810/,DAFFA WAHYU,,JURAGAN SEPATU,,,,,,,,,,,,,,,
TATA,D5118,EVEREST,D5118 EVEREST,25215,38000,DOMMO,https://shopee.co.id/product/135900627/16183090015/,DAFFA WAHYU,,JURAGAN SEPATU,,,,,,,,,,,,,,,
TATA,D5119,SLOP PITA,D5119 SLOP PITA,19715,25000,DOMMO,https://shopee.co.id/product/135900627/21037834137/,DAFFA WAHYU,,JURAGAN SEPATU,,,,,,,,,,,,,,,
TATA,D5120,Shasa,D5120 Shasa,27000,32999,DOMMO,https://shopee.co.id/DOMMO-D5120-Hak-Tahu-SHASHA-Wanita-3Cm-Slop-kokop-SA95-i.135900627.10097736604?sp_atk=163d3cfd-08b2-4908-8033-64db02bd230c&xptdk=163d3cfd-08b2-4908-8033-64db02bd230c,DAFFA WAHYU,,JURAGAN SEPATU,,,,,,,,,,,,,,,
TATA,D5121,Sinta,D5121 Sinta,22000,24999,DOMMO,https://shopee.co.id/DOMMO-D5121-HAK-TAHU-SINTA-i.135900627.21639864588?sp_atk=efe2f0ff-46e9-4e03-8168-c2f70328b93d&xptdk=efe2f0ff-46e9-4e03-8168-c2f70328b93d,DAFFA WAHYU,https://shopee.co.id/JURAGAN-PROMO-9.9-BIG-SALE-BY-05-HAK-TAHU-SINTA-i.161194304.20035796416?sp_atk=c2675e98-1d52-48d6-a05d-8f9691fbb784&xptdk=c2675e98-1d52-48d6-a05d-8f9691fbb784,JURAGAN SEPATU,,,,,,,,,,,,,,,
TATA,D5122,Wanda,D5122 Wanda,18500,23999,DOMMO,https://shopee.co.id/product/135900627/19639869831/,DAFFA WAHYU,https://shopee.co.id/PROMO-9.9-BIG-SALE-RS-36-FLATSHOES-TALI-KARET-SANIA-i.8938041.4489989740?sp_atk=e8ae5764-b01f-46de-aa48-6377c3e7865d&xptdk=e8ae5764-b01f-46de-aa48-6377c3e7865d,JURAGAN SEPATU,,,,,,,,,,,,,,,
TATA,D5123,Milea,D5123 Milea,10500,13499,DOMMO,https://shopee.co.id/product/135900627/18339874418/,DAFFA WAHYU,https://shopee.co.id/IDN-03-SANDAL-FLIP-FLOP-MILEA-i.8938041.9419155215?sp_atk=0308904f-144b-42b4-a739-d145e41eb353&xptdk=0308904f-144b-42b4-a739-d145e41eb353,JURAGAN SEPATU,,,,,,,,,,,,,,,
TATA,D5124,Wendy,D5124 Wendy,18500,23999,DOMMO,https://shopee.co.id/product/135900627/18539875482/,DAFFA WAHYU,https://shopee.co.id/PROMO-9.9-BIG-SALE-RS-28-FLATSHOES-PITA-ANDINI-i.8938041.5454468933?sp_atk=cf45efc1-d4f9-48f4-bedf-7a54c3beedec&xptdk=cf45efc1-d4f9-48f4-bedf-7a54c3beedec,JURAGAN SEPATU,,,,,,,,,,,,,,,
TATA,D5125,Pelma,D5125 Pelma,32500,38500,DOMMO,https://shopee.co.id/product/135900627/19339877486/,DAFFA WAHYU,,JURAGAN SEPATU,,,,,,,,,,,,,,,
TATA,D5126,Monalisa,D5126 Monalisa ,21209,29750,DOMMO,https://shopee.co.id/product/135900627/19842308394/,DAFFA WAHYU,,JURAGAN SEPATU,,,,,,,,,,,,,,,
TATA,D5127,AMD,D5127 AMD,31709,38000,DOMMO,https://shopee.co.id/product/135900627/17584302812/,DAFFA WAHYU,https://shopee.co.id/AMD-02-SANDAL-SANTAI-i.8938041.10438426085?sp_atk=0506bc13-2813-488f-977c-5689599d2b49&xptdk=0506bc13-2813-488f-977c-5689599d2b49,JURAGAN SEPATU,,,,,,,,,,,,,,,
TATA,D5128,keysa,D5128 keysa,22209,26900,DOMMO,https://shopee.co.id/product/135900627/18942317596/,DAFFA WAHYU,https://shopee.co.id/PROMO-9.9-BIG-SALE-JA-20-HAK-TAHU-KEYSA-PREMIUM-i.8938041.13602994593?sp_atk=cc202548-6ccc-4d0d-884a-0a1deec317cf&xptdk=cc202548-6ccc-4d0d-884a-0a1deec317cf,JURAGAN SEPATU,,,,,,,,,,,,,,,
TATA,D5129,flastshoes kerut,D5129 flastshoes kerut,18709,25000,DOMMO,https://shopee.co.id/product/135900627/21742317250/,DAFFA WAHYU,https://shopee.co.id/PROMO-9.9-BIG-SALE-RS-39-FLATSHOES-BEST-SELLER-i.8938041.8259459721?sp_atk=68acd02b-cfe8-4799-a843-9867b2e33037&xptdk=68acd02b-cfe8-4799-a843-9867b2e33037,JURAGAN SEPATU,,,,,,,,,,,,,,,
TATA,D5130,SALUR,D5130 SALUR,10709,14999,DOMMO,https://shopee.co.id/product/135900627/20342321497/,DAFFA WAHYU,https://shopee.co.id/DAFF-68-SANDAL-FLIP-FLOP-SALUR-i.8938041.6384139565?sp_atk=da4f76d5-e501-4b6d-9ee9-6bb8eba619b1&xptdk=da4f76d5-e501-4b6d-9ee9-6bb8eba619b1,JURAGAN SEPATU,,,,,,,,,,,,,,,
